Sample,Acetate,Propionate,Isobutyrate,Butyrate,Isovaleric,Valeric,InternalSD
S10-1-1,12.0638,27.2611,0,38.26249,3.29743,3.46904,36.71225
S10-1-2,19.04763,39.91547,4.21049,57.01974,5.30198,5.02201,58.62303
S10-1-3,35.08662,66.96464,6.41619,93.65057,8.3306,8.4118,92.60087
S10-10-1,15.64439,0,5.34396,0,6.03771,6.06975,75.32529
S10-10-2,18.38606,0,6.02848,0,6.99294,7.21575,86.29758
S10-10-3,17.07152,0,3.74222,0,4.22343,4.18307,51.61059
S10-11-1,17.97994,0,6.15655,0,7.02375,6.95773,87.44242
S10-11-2,15.38868,0,5.33586,0,6.10311,6.10864,77.35113
S10-11-3,21.55446,0,7.4313,0,8.60266,8.707,103.50703
S10-12-1,15.42068,0,4.96531,0,5.76968,5.84567,72.02763
S10-12-2,16.05808,0,5.81641,0,6.63269,7.50175,83.38358
S10-12-3,21.8592,0,6.35528,0,7.47056,7.95627,90.20939
S10-13-1,18.65138,0,6.30704,0,7.31812,7.36792,88.21111
S10-13-2,18.76417,0,6.17125,0,7.17413,7.34333,89.07465
S10-13-3,13.52741,0,4.61275,0,5.27494,5.10875,64.82121
S10-14-1,13.58082,0,4.55713,0,5.23237,5.54493,66.08529
S10-14-2,17.58895,0,6.21489,0,7.18048,8.02193,87.35291
S10-14-3,17.9095,0,5.88614,0,6.72034,7.45535,87.19381
S10-15-1,21.40868,0,7.37976,0,8.45,8.49774,105.43391
S10-15-2,16.77206,0,5.79538,0,6.6235,6.59885,80.06292
S10-15-3,15.19808,0,4.59312,0,5.27835,5.50442,62.66597
S10-16-1,40.56575,0,7.90435,0,9.34896,8.97026,113.88068
S10-16-2,0,0,0,0,0,0,11.29562
S10-16-3,39.1591,0,7.75852,0,9.19079,8.68098,123.69134
S10-19-1,33.83019,0,6.30489,0,7.48374,7.46994,92.24714
S10-19-2,30.17936,0,5.69066,0,6.59044,6.6393,81.21825
S10-19-3,31.73662,0,6.55834,0,7.72312,7.93629,94.06337
S10-2-1,31.18674,3.98117,6.06527,27.57602,7.41183,7.84884,90.99505
S10-2-2,30.79492,4.06629,5.57628,24.50231,6.84597,7.12392,86.98787
S10-2-3,28.61092,3.95132,5.48427,14.53796,6.55463,6.37543,79.35286
S10-20-1,41.92348,4.66572,7.31966,7.63736,8.64045,7.72573,102.79857
S10-20-2,24.48345,0,4.69393,6.80711,5.47045,4.58137,68.3531
S10-20-3,29.56316,3.34174,6.08072,9.3126,7.06883,6.27259,84.78979
S10-21-1,23.19294,0,5.06977,0,5.91797,6.26166,79.16721
S10-21-2,18.65651,0,4.14075,0,4.80662,5.05681,62.45629
S10-21-3,28.68872,0,5.55276,0,6.43172,6.24021,85.69103
S10-3-1,0,0,0,0,0,0,6.31129
S10-3-2,30.49564,5.76197,5.79242,0,7.54235,6.56669,93.9563
S10-3-3,31.55181,6.16385,5.99022,0,7.852,7.33267,96.87231
S10-4-1,34.1504,7.89427,7.99891,4.02013,10.37246,9.06262,138.41225
S10-4-2,27.31812,4.98587,5.56848,0,7.12212,6.26924,83.52633
S10-4-3,27.55427,5.41317,5.88344,0,7.1542,7.42035,86.35869
S10-5-1,31.48141,10.34696,5.67833,12.11193,7.11392,7.1642,81.56614
S10-5-2,26.80132,9.81378,5.14051,11.09888,6.51288,6.58785,77.26778
S10-5-3,31.332,13.25932,6.24806,18.81795,7.72021,6.96439,89.37169
S10-6-1,27.9137,3.68438,6.89518,0,8.242,8.41072,100.51158
S10-6-2,30.24492,4.06296,7.80727,0,9.21405,9.16905,116.77635
S10-6-3,21.76047,0,5.56417,0,6.62335,7.18525,77.71166
S10-7-1,30.59124,4.38642,5.75545,10.91363,6.8885,7.34198,85.82905
S10-7-2,33.68404,4.94787,6.45113,12.39406,7.79192,7.03406,94.13248
S10-7-3,32.63814,4.21875,5.59798,10.27553,6.84522,7.11109,84.34399
S10-8-1,35.40676,29.71867,6.35337,64.23248,8.08792,7.68786,95.67915
S10-9-1,41.97256,10.20436,6.23824,15.00987,7.43482,6.29037,90.33952
S10-9-2,33.64011,8.95979,4.89101,12.18236,5.95499,5.00187,72.96117
S10-9-3,46.00578,10.92537,5.87824,15.98861,7.36273,6.48976,90.79951
S11-1-1,11.6962,33.09731,6.85044,405.77362,9.43472,11.92093,91.76415
S11-1-2,6.21094,19.27254,4.04075,226.5955,5.59539,7.18262,47.65973
S11-1-3,15.76356,43.25262,9.972,546.45886,13.58713,16.68158,132.14613
S11-10-1,23.73706,0,8.41618,0,9.46807,9.48917,130.11954
S11-10-2,23.84213,0,8.30756,0,9.19327,9.03761,126.12012
S11-10-3,30.28757,0,8.27552,0,9.50668,9.19895,132.68257
S11-11-1,32.48792,0,8.6012,0,9.89371,9.7156,128.96169
S11-11-2,33.09985,0,8.77507,0,9.82728,9.47405,129.91769
S11-11-3,40.89832,0,9.82351,0,11.27995,11.05238,150.07956
S11-12-1,11.31847,0,3.83981,0,4.49915,4.5712,53.21483
S11-12-2,25.61645,0,8.47438,3.27913,9.72091,9.5618,130.69113
S11-12-3,30.30659,0,7.81959,0,9.3046,9.26211,150.56387
S11-13-1,33.28574,0,9.03264,0,10.34481,10.08562,137.98871
S11-13-2,25.45135,0,7.65993,0,8.67183,8.34652,111.61502
S11-13-3,22.46636,0,6.69157,0,7.9802,7.45063,105.03303
S11-14-1,25.86381,0,7.73741,0,8.92412,8.43637,117.39661
S11-14-2,24.59056,0,8.27942,3.49944,9.24315,8.87319,124.04227
S11-14-3,27.92509,0,7.67392,0,8.73189,9.02244,123.82381
S11-15-1,26.49278,0,8.01334,6.20248,8.92261,8.79373,116.49325
S11-15-2,28.75279,0,8.52195,0,9.76354,9.47889,128.45673
S11-15-3,26.0366,0,8.48834,0,9.53941,9.24066,126.00062
S11-16-1,77.62082,14.49907,5.59337,89.55276,6.62108,6.797,90.69405
S11-16-3,112.32867,20.59807,8.4283,132.77802,9.92738,9.44459,130.47333
S11-19-1,20.36874,75.88425,4.82103,30.34196,6.37793,6.48916,69.82385
S11-19-2,14.56819,43.28883,3.0717,14.07808,3.95437,4.18271,44.55924
S11-19-3,41.49157,113.559,7.82552,50.8282,9.71956,13.60666,130.00739
S11-2-1,28.75187,18.02776,4.72783,240.63329,5.64728,6.19089,64.25975
S11-2-2,35.00673,27.51237,7.46623,496.88507,8.98076,9.92188,116.51864
S11-2-3,42.69837,25.52153,9.01581,473.53821,10.73965,11.45895,127.31224
S11-20-2,82.35559,15.76488,7.85071,72.57839,9.04477,8.37549,110.99799
S11-20-3,72.17699,14.80598,5.62361,66.36587,6.29436,5.89395,102.78537
S11-21-1,70.12627,8.90015,8.24113,20.62929,9.74839,10.34918,157.46552
S11-21-2,86.7028,14.72224,9.17507,10.76312,10.68299,10.24332,128.68367
S11-21-3,49.80354,6.09317,6.86168,22.75468,7.89154,7.49247,124.13607
S11-3-1,37.20562,59.54358,7.08511,186.0166,9.23278,10.09206,131.78352
S11-3-2,40.91113,50.69884,6.61074,140.87317,8.77127,8.75959,119.51906
S11-3-3,39.5457,46.9058,6.82697,159.42644,8.78726,9.33572,115.10796
S11-4-1,44.32852,57.37631,7.71285,194.31645,9.89383,10.5583,143.2422
S11-4-2,35.96429,50.34183,6.54871,151.68648,8.53013,9.09944,120.51349
S11-4-3,36.65756,45.97638,6.44521,174.9799,8.35309,8.94923,114.1305
S11-5-1,56.99383,17.74015,0,248.21648,0,0,11.70311
S11-5-2,17.3772,26.75509,5.72031,343.51541,7.06813,8.67776,89.51229
S11-5-3,22.63783,30.87428,8.04492,398.34567,9.57118,11.1347,119.02016
S11-6-1,9.62496,4.30767,4.73098,106.59927,5.89028,5.2552,58.60502
S11-6-2,39.3989,9.35012,2.77582,63.47036,3.47941,3.7695,50.07296
S11-6-2,13.8863,6.72485,8.91119,248.03693,10.66992,9.52705,132.13892
S11-6-3,19.0677,8.13918,8.43785,238.63278,10.5893,9.93285,129.71036
S11-7-1,40.1386,20.39428,7.50879,404.32864,9.02201,8.95594,115.4379
S11-7-2,40.18607,17.91549,7.58547,414.3616,9.04405,9.1223,108.9716
S11-7-3,20.0628,12.37304,4.37001,233.60239,5.37064,5.59717,61.0075
S11-8-1,24.80038,20.69539,8.02521,320.98203,10.05036,10.57483,120.1878
S11-9-1,27.96325,15.983,6.06304,365.03503,7.36461,7.92503,95.7449
S11-9-2,38.22638,18.39175,8.43246,431.20007,9.96036,10.25068,113.52917
S11-9-3,45.50389,23.33385,9.07097,529.47327,10.93622,11.96647,144.32237
S12-1-1,15.43553,56.89354,12.67937,564.22699,19.34387,17.52057,155.67346
S12-1-2,9.96959,32.14305,7.29275,331.91736,11.11702,10.2905,90.49865
S12-1-3,7.9585,26.00699,6.11341,273.26428,9.29175,8.80049,75.72829
S12-10-1,25.7114,0,8.80286,3.31044,10.89297,9.27879,143.29585
S12-10-2,19.48828,0,6.91109,0,8.06614,7.7783,98.24902
S12-10-3,21.27735,0,7.25676,4.59194,8.64155,8.41437,109.27357
S12-11-1,40.46305,0,9.1846,4.56557,11.09037,9.99338,139.2179
S12-11-2,38.11016,0,9.50361,5.93448,11.11743,10.92683,141.67273
S12-11-3,32.55814,0,7.50438,3.31914,9.42943,8.6931,112.7421
S12-12-1,28.51775,0,10.04128,7.68998,11.56324,10.67204,147.54599
S12-12-2,23.06165,0,7.76882,4.59529,9.23404,8.29545,136.00507
S12-12-3,27.28548,0,9.19608,0,10.83893,9.78878,142.01256
S12-13-1,31.49035,0,11.61782,6.17174,13.83473,12.40036,179.58824
S12-13-2,20.11056,0,6.7419,0,7.90914,7.67558,97.96705
S12-13-3,29.08442,0,9.79342,3.78953,13.90091,10.79468,151.13847
S12-14-1,23.98333,0,8.60016,0,10.03594,9.09291,138.08969
S12-14-2,22.37524,0,7.89088,0,9.19281,8.7238,123.55573
S12-14-3,17.31275,0,6.34385,3.87912,7.60397,7.24548,97.61842
S12-15-1,20.56357,0,6.87711,0,7.94246,8.38551,99.39552
S12-15-2,15.06973,0,5.03815,3.14719,5.95022,5.82327,73.72172
S12-15-3,18.15326,0,6.19497,0,7.23537,7.08644,89.14828
S12-16-1,68.91631,11.95465,7.28138,52.83029,8.9192,8.40305,109.29231
S12-16-2,80.39829,13.2389,8.96905,57.71071,10.71822,9.5437,141.94411
S12-16-3,81.1069,12.13306,8.5886,63.10565,10.4056,9.21189,131.5703
S12-19-1,35.21517,24.98556,6.71955,12.60775,8.33071,8.05993,101.52418
S12-19-2,44.12553,34.5872,8.89435,27.29436,10.64262,10.3332,130.66006
S12-19-3,30.00036,30.56664,6.25631,17.11034,7.94451,7.55443,101.83952
S12-2-1,0,0,0,5.45257,0,0,0
S12-2-2,43.24423,10.03816,5.77296,387.93738,7.2652,7.08595,82.07601
S12-2-3,53.47102,13.31588,7.06734,506.07776,8.96657,8.46192,104.12272
S12-20-1,41.54448,5.73008,6.27077,208.89438,7.23527,6.71615,79.23808
S12-20-2,70.49661,8.62231,10.20576,348.79181,11.89275,10.22014,146.56343
S12-20-3,63.66019,6.78054,8.58607,297.68567,11.54941,9.00502,111.14655
S12-21-1,30.49343,5.40128,5.35826,4.63819,6.42911,6.38668,83.52499
S12-21-2,32.29775,4.64572,5.74453,4.06025,6.87133,6.80379,102.84138
S12-21-3,28.6661,6.58295,5.44171,5.02244,6.56706,6.25455,88.86651
S12-3-1,26.55149,24.82809,5.91952,156.61269,7.7434,7.51497,90.79749
S12-3-2,42.79783,34.9642,8.8874,176.90034,11.38247,10.72542,140.9057
S12-3-3,42.16458,39.78753,10.8845,321.13223,13.94356,12.50615,186.1451
S12-4-1,38.47335,26.34161,9.85828,364.65613,12.67683,11.06518,145.88159
S12-4-2,36.99395,24.9121,9.29567,408.85202,11.86166,11.27729,138.33125
S12-4-3,19.99343,18.20424,6.07807,267.96722,7.7311,7.38727,85.24546
S12-5-1,17.61655,41.16132,9.77159,533.39355,14.84039,12.04179,111.63586
S12-5-2,14.15648,28.32248,6.9633,367.60071,10.30247,8.89613,82.60268
S12-5-3,18.67247,38.61011,10.04533,532.19653,15.23784,12.25388,111.90397
S12-6-1,5.4878,5.79636,8.50598,300.44131,10.40435,9.53429,120.8614
S12-6-2,0,5.02338,6.87887,255.67004,8.47195,7.9192,99.88193
S12-6-3,5.71759,6.32967,9.47174,351.48096,12.1126,10.9973,144.61601
S12-7-1,31.48963,13.06524,10.06945,638.87244,12.73271,12.05731,146.03767
S12-7-2,30.5814,13.44586,8.56201,542.80878,12.41846,10.96728,98.40642
S12-7-3,29.02291,12.25103,8.10364,508.38022,10.41957,9.71871,119.79222
S12-8-1,20.47611,13.74984,8.18046,397.08685,11.02284,11.44587,115.7368
S12-9-1,15.77121,28.80935,8.98441,467.92325,13.86318,10.79959,103.15513
S12-9-2,14.0417,26.41872,8.18728,431.38062,12.45487,10.11484,106.47134
S12-9-3,18.53572,28.67095,9.34571,487.64194,14.0136,11.52807,116.34998
S13-1-1,40.7857,36.27299,8.85933,172.03722,11.25961,9.61674,156.50082
S13-1-2,48.97366,242.3062,9.1824,214.01645,11.58054,13.38042,132.06696
S13-1-3,44.61422,196.30479,6.90913,182.79378,8.51168,11.30776,100.8662
S13-10-1,29.9451,0,9.40605,4.3919,10.34997,10.11167,141.64165
S13-10-2,8.72497,0,0,0,3.17237,3.83729,46.79569
S13-10-3,8.82693,0,0,0,3.14454,0,46.11945
S13-11-1,24.12528,0,4.28305,0,4.89943,5.08813,68.53685
S13-11-2,20.04649,0,3.5872,0,4.12062,4.3184,57.52269
S13-11-3,26.83948,34.63531,0,75.72693,3.42447,3.69505,45.57618
S13-12-1,39.46977,4.8174,11.25494,5.12733,12.92336,13.06304,169.16695
S13-12-2,14.62294,0,3.7363,0,4.32975,4.71149,61.4417
S13-12-3,30.22569,124.15469,3.14358,116.49314,4.00759,5.53848,49.71343
S13-13-1,18.96908,0,4.17203,0,4.73007,5.19504,67.31956
S13-13-2,31.83883,0,6.2489,0,7.23746,7.83407,92.16697
S13-13-3,38.87506,0,8.15797,4.52934,8.89501,9.26297,120.18844
S13-14-1,17.22264,0,5.56189,6.142,6.4728,6.80608,92.70941
S13-14-2,18.98675,0,6.55884,5.36662,7.04266,7.62231,99.79659
S13-14-3,8.70235,0,3.10996,0,3.68383,3.846,54.28732
S13-15-1,10.58303,0,0,0,0,0,30.83808
S13-15-2,35.0005,0,6.45606,0,7.51154,7.88398,98.09489
S13-15-3,35.7323,0,6.40853,0,7.42629,7.86914,95.0644
S13-16-1,50.8554,0,3.74056,5.12232,4.40585,4.82756,62.75596
S13-16-2,41.73734,0,3.21623,4.55933,3.77869,3.80666,52.87183
S13-16-3,68.6095,3.21993,5.85077,6.1693,6.37098,6.73342,86.90281
S13-19-1,17.38174,0,3.53225,0,4.23262,4.66925,61.17289
S13-19-2,15.43331,0,2.99075,0,3.69874,3.93695,53.1534
S13-19-3,28.21249,5.88008,5.82969,3.09694,6.77414,6.67238,89.44961
S13-2-1,57.56662,70.70084,7.03902,325.13995,9.27549,10.23937,119.55619
S13-2-2,41.0958,48.45963,4.23535,223.89485,5.71368,6.70461,84.17913
S13-2-3,56.95243,67.57538,6.78089,293.41504,8.43047,9.26446,113.86854
S13-20-1,75.33762,15.05352,8.65197,38.13015,8.9245,9.43739,123.74686
S13-20-2,68.80983,14.71616,7.74345,29.85102,8.17741,7.81982,123.45081
S13-20-3,90.6079,26.72945,11.16489,49.14998,12.20483,11.76334,174.64183
S13-21-1,20.20764,0,3.01723,0,3.57296,3.80108,60.49907
S13-21-2,43.09186,0,5.6708,14.57761,6.61476,7.19579,100.64888
S13-21-3,15.28262,0,0,0,0,0,48.14774
S13-3-1,41.14532,98.12363,5.24727,17.26387,7.93644,7.69011,99.23547
S13-3-2,39.08768,102.55001,4.95611,14.74252,7.21831,7.74251,95.74371
S13-3-3,48.82555,122.66228,6.28633,18.07137,9.56098,8.89365,127.84705
S13-4-1,45.59984,143.00711,7.73,58.4098,11.27017,11.64404,147.06108
S13-4-2,44.93465,140.11658,7.20738,60.21047,10.43589,11.22977,135.74536
S13-4-3,30.33264,91.63777,4.72019,37.70208,6.7986,6.82212,86.32368
S13-5-1,14.80031,0,4.20796,0,4.94898,5.18675,67.94541
S13-5-2,44.68308,228.48436,6.53774,274.28156,8.37023,12.48329,103.37971
S13-5-3,42.02078,226.17419,6.82075,284.74649,8.89185,12.79828,114.65492
S13-6-1,45.65376,223.10674,10.49905,125.2482,13.35486,15.65359,178.32179
S13-6-2,43.50206,204.71826,9.34385,131.90762,11.5477,13.56399,160.91537
S13-6-3,22.56081,104.22084,4.98414,71.42524,6.23403,7.3446,87.0732
S13-7-1,46.46952,52.19319,7.94049,307.21652,9.46136,12.66264,123.75709
S13-7-2,42.27721,48.64981,6.95864,307.10504,8.41772,11.54814,109.78108
S13-7-3,27.87033,28.2291,4.33821,176.64952,5.39688,7.31439,69.78028
S13-8-1,43.6337,99.80091,7.69293,190.15878,9.59132,10.31102,121.86281
S13-9-1,57.51967,79.41288,5.52337,178.63005,7.28697,7.59608,100.24265
S13-9-2,21.5626,27.20818,0,59.13847,0,0,35.38524
S13-9-3,51.65659,60.64724,5.05812,123.86892,6.58528,6.65245,79.18606
S14-1-1,39.91418,35.5685,8.59779,160.41162,10.87935,9.32126,155.00958
S14-1-2,26.53056,0,8.66272,0,10.12109,9.49442,159.56271
S14-1-3,31.29416,29.78583,7.00572,141.80154,8.92732,7.72709,125.98751
S14-10-1,22.39489,0,7.64234,0,8.78711,8.50532,126.19559
S14-10-2,20.78776,0,7.07529,0,8.19359,8.02518,124.07804
S14-10-3,22.82789,0,7.7055,0,8.85684,8.60689,140.907
S14-11-1,22.33723,0,7.56417,0,8.81183,8.72459,139.3378
S14-11-2,38.32341,33.89785,8.35364,154.34001,10.62911,9.25397,156.14687
S14-11-3,22.15591,0,7.33906,0,8.45513,8.24224,133.52226
S14-12-1,22.66317,0,7.26564,0,8.37639,8.12471,135.26419
S14-12-2,23.38693,0,7.60416,0,8.88769,8.35331,162.14207
S14-12-3,25.12408,0,7.95046,0,9.17601,8.93145,142.16069
S14-13-1,22.9509,0,7.44323,0,8.7085,8.20203,139.6515
S14-13-2,21.46598,0,7.21161,0,8.6693,8.31586,128.26828
S14-13-3,20.22827,0,7.09098,0,8.13669,7.99916,135.81265
S14-14-1,20.9852,0,7.38693,0,8.44275,8.26981,138.26961
S14-14-2,22.06628,0,7.4532,0,8.77966,8.17276,142.67577
S14-14-3,20.66872,0,7.1401,0,8.36332,8.18142,137.66995
S14-15-1,21.99735,0,7.36954,0,8.62075,8.53309,130.53041
S14-15-2,23.53345,0,8.06354,0,9.36895,9.05072,145.23335
S14-15-3,22.82921,0,7.48422,0,8.85185,8.05919,144.82744
S14-16-1,24.40276,8.51269,6.93077,203.60298,8.29952,8.05177,128.48158
S14-16-2,29.44469,44.03186,7.29941,144.43463,10.21157,9.69745,163.27841
S14-16-3,27.37142,6.25334,6.85542,34.33192,8.18109,7.56677,123.67954
S14-19-1,27.6388,11.52702,7.11265,0,8.72699,8.07154,134.98128
S14-19-2,29.01325,11.0354,7.58866,0,9.17407,8.67491,137.55017
S14-19-3,25.05897,11.61728,7.39422,0,9.2908,8.91623,122.9698
S14-2-1,53.17834,17.27767,7.40819,176.99852,9.33189,8.09171,140.83517
S14-2-2,58.83278,19.83719,7.90902,194.76733,9.9284,9.07891,147.43726
S14-2-3,52.91958,19.067,7.51074,158.72177,9.18102,9.01037,147.72818
S14-20-1,54.1749,15.39243,6.92108,99.22752,8.14765,7.02151,113.4382
S14-20-2,65.14458,9.91168,8.46726,101.97456,9.93396,8.46629,142.1956
S14-20-3,70.70102,10.64518,9.1787,116.92499,10.64923,9.99469,159.61974
S14-21-1,27.10638,8.03995,7.83973,15.27081,9.28449,9.06631,139.78444
S14-21-2,20.78404,8.5283,6.04849,14.49411,7.1859,7.32999,103.03359
S14-21-3,23.32155,9.719,6.64096,3.59168,7.89216,7.69788,132.56194
S14-3-1,26.04448,41.7905,7.035,147.22621,9.89496,9.33586,153.05533
S14-3-2,21.28592,30.79414,5.0268,101.20071,7.28872,6.92328,131.60855
S14-3-3,21.61151,36.58609,6.81801,158.00656,9.5346,8.96447,137.50784
S14-4-1,30.56435,40.5954,7.17883,171.06543,9.95335,8.78857,147.59698
S14-4-2,24.24124,36.84777,5.79107,153.90887,8.06598,7.47302,122.39558
S14-4-3,26.94113,37.55603,6.17459,143.24139,8.62883,8.01346,128.90184
S14-5-1,37.3312,30.95392,7.28462,148.76675,9.51014,8.26418,135.47011
S14-5-2,37.87928,26.5062,7.22024,148.15384,9.38319,8.60826,130.57877
S14-5-3,33.99887,26.37436,6.89743,151.78899,8.83092,7.8074,124.89417
S14-6-1,10.71656,10.43558,8.09346,270.9024,10.25951,9.22894,147.29068
S14-6-2,9.15578,9.1152,7.88557,198.08707,9.78352,9.35504,144.55127
S14-6-3,8.17293,9.41444,7.8302,216.26878,9.7313,9.25696,141.58769
S14-7-1,52.58871,12.89937,6.8015,326.76419,8.56474,7.92901,126.85176
S14-7-2,60.91525,13.47523,7.80767,350.03522,10.0311,8.31985,144.57498
S14-7-3,56.31598,11.96302,6.77957,298.6377,8.75233,7.64008,128.51518
S14-8-1,46.25593,25.10984,8.3907,100.72965,10.56981,9.13218,168.01111
S14-9-1,37.33873,20.72933,8.07835,94.19505,10.69256,8.07321,148.36307
S14-9-2,43.21662,24.18282,9.60616,108.08693,12.72811,9.79432,170.10233
S14-9-3,33.26867,18.54081,7.12702,81.78045,9.55177,7.46463,129.58266
S15-1-1,32.31237,244.30988,8.98117,312.04608,8.98525,15.32482,120.99245
S15-1-2,23.58098,217.40305,6.56215,329.38858,8.46259,15.22826,118.8437
S15-1-3,35.05793,322.64328,11.75075,440.30078,12.38356,21.75288,173.6227
S15-10-1,22.34097,0,7.19554,0,8.16748,8.21414,127.83884
S15-10-2,21.27983,0,6.95085,0,8.0767,7.70366,125.28162
S15-10-3,19.62971,0,6.09382,7.11694,7.19542,6.6499,115.52665
S15-11-1,34.37287,0,10.01227,7.47471,11.96012,10.86133,191.79594
S15-11-2,23.41467,0,5.96569,5.51435,7.1534,6.41731,107.6106
S15-11-3,22.11441,0,4.86986,4.73748,5.61701,5.47174,92.48598
S15-12-1,22.51245,0,6.83391,0,7.98626,7.60126,122.5856
S15-12-2,26.29332,0,8.16068,0,9.42023,8.81654,147.68098
S15-12-3,24.6192,0,7.13206,0,8.30675,7.71306,126.97667
S15-13-1,14.58368,0,4.49277,0,5.29617,4.80092,84.57185
S15-13-2,12.23225,0,3.37529,0,3.97714,3.72703,64.56052
S15-13-3,29.95671,0,9.06382,0,10.57624,9.985,170.72235
S15-14-1,21.12079,0,7.31642,0,8.5109,8.13285,137.03619
S15-14-2,20.90049,0,7.19731,0,8.28435,7.8504,131.82085
S15-14-3,15.52093,0,5.16328,0,6.13898,5.76849,106.89581
S15-15-1,9.38498,0,0,0,0,0,45.13316
S15-15-2,16.21365,0,5.04609,0,5.95148,5.7957,96.6785
S15-15-3,32.65705,0,8.05666,0,9.42715,8.63733,142.27884
S15-16-1,84.8577,4.92465,6.16451,28.52707,7.4052,7.0619,117.28482
S15-16-2,54.03805,3.51495,4.05499,15.08828,4.82426,4.55743,78.0557
S15-16-3,92.03906,6.76042,6.59397,40.50311,7.87778,7.50204,125.42355
S15-19-1,35.5691,12.03507,7.03952,25.97555,8.55952,7.97071,137.47539
S15-19-2,18.15139,6.29738,4.08049,9.17709,4.89109,4.74849,78.23359
S15-19-3,29.06446,11.37727,6.51647,26.25247,7.93069,7.03624,120.33059
S15-2-1,37.80171,58.98267,6.54868,426.41882,7.99996,9.16763,119.85598
S15-2-2,45.88682,76.2831,6.77581,454.71829,8.30962,9.91895,129.41237
S15-2-3,33.41696,48.88095,4.70674,304.74594,5.78211,6.47879,91.38657
S15-20-1,28.86176,6.78571,3.40771,53.84288,3.92474,3.74121,57.9842
S15-20-2,59.41962,12.66018,6.57114,117.37813,7.66307,6.97412,113.10342
S15-20-3,26.89665,6.89229,3.27972,61.3055,3.80441,3.55464,59.89915
S15-21-1,39.12591,0,5.30326,4.75221,6.33826,5.64649,109.2271
S15-21-2,66.05196,4.82049,6.33352,3.67942,7.60517,7.2813,134.05336
S15-21-3,47.53371,0,7.02267,5.66735,8.08052,8.21867,137.08438
S15-3-1,16.05868,97.37839,3.68893,158.58969,4.86842,6.72819,73.92662
S15-3-2,31.03422,171.19925,6.07243,282.69998,8.13164,11.05021,124.68574
S15-3-3,34.28582,280.42078,10.18381,575.58038,13.84468,21.7441,210.43504
S15-4-1,27.38692,178.61543,7.29614,335.94205,9.39136,12.236,147.2356
S15-4-2,25.01399,177.8588,6.95681,354.50635,8.98726,13.63564,128.77838
S15-4-3,28.25073,207.55296,7.3692,420.72702,9.61476,14.64991,143.3692
S15-5-1,34.751,234.20528,6.89105,399.80838,9.04381,15.11491,125.37095
S15-5-2,31.12656,209.56976,6.38322,351.48483,8.46135,13.6996,112.68815
S15-5-3,31.81859,198.22389,5.8337,331.91125,7.59472,12.28962,110.29855
S15-6-1,26.78233,130.86182,7.00508,65.99403,8.88261,9.84037,133.57881
S15-6-2,21.86978,119.24239,6.03901,83.23674,7.65367,9.01779,116.16676
S15-6-3,20.08179,81.32237,4.84075,39.19573,6.23619,6.63064,95.63462
S15-7-1,23.17108,35.93982,6.14512,463.08765,7.50238,8.33975,123.36772
S15-7-2,22.94412,34.59389,5.9279,425.00519,7.32029,7.6424,110.15319
S15-7-3,21.83105,31.98901,6.02211,442.64529,7.34037,8.02275,111.03004
S15-8-1,24.28521,185.6149,7.38524,433.36066,9.74628,14.67165,137.65959
S15-9-1,22.48605,69.48431,3.76049,241.22765,4.63571,6.39635,76.25337
S15-9-2,39.62004,142.06664,7.81703,509.04898,9.61758,13.51312,161.83507
S15-9-3,14.42154,45.73397,0,159.407,0,4.23514,51.1972
S16-1-1,0,42.70011,4.28123,293.89407,5.59584,8.69972,75.39635
S16-1-2,0,37.01211,3.68324,250.95409,4.79043,7.53941,65.11281
S16-1-3,0,8.63186,0,55.73922,0,0,13.18739
S16-10-1,17.11847,0,4.20749,0,4.73892,5.07391,81.27043
S16-10-2,27.55254,0,6.27314,0,7.13628,7.13137,112.49908
S16-10-3,13.07345,0,3.79738,0,4.34208,4.36033,69.94505
S16-11-1,29.3819,0,4.32446,0,5.00417,5.02544,82.90532
S16-11-2,18.54895,0,0,0,3.25641,0,54.87908
S16-11-3,26.48109,0,3.71633,0,4.19572,4.12027,69.17134
S16-12-1,10.51676,0,0,0,3.10532,0,51.59222
S16-12-2,14.67128,0,3.07969,0,3.5948,0,59.46951
S16-12-3,26.44769,0,5.00473,0,5.86974,5.82539,96.89768
S16-13-1,12.01797,0,0,0,0,0,41.90842
S16-13-2,15.73638,0,0,0,3.41516,0,55.98488
S16-13-3,13.00701,0,0,0,0,0,48.20579
S16-14-1,11.31617,0,3.28743,0,3.79398,0,65.62906
S16-14-2,15.03536,0,5.39991,0,6.11944,6.13206,101.88918
S16-14-3,16.64567,0,5.31646,4.52076,6.00709,5.8928,102.22272
S16-15-1,15.73931,0,3.64596,0,4.14955,4.23095,67.31152
S16-15-2,9.78784,0,0,0,0,0,32.73072
S16-15-3,36.48522,0,6.84364,0,7.85887,7.92621,126.85053
S16-16-1,41.12237,0,3.04775,7.17493,3.61425,0,60.1611
S16-16-2,53.91355,0,4.43909,15.11761,5.04186,4.99346,84.13612
S16-16-3,30.72819,0,0,5.65739,3.1452,0,53.29666
S16-19-1,21.32548,0,5.60293,29.71602,6.63093,6.12215,111.70008
S16-19-2,30.76441,4.43584,6.24101,58.02333,7.36513,7.2521,111.45062
S16-19-3,18.74887,0,4.013,20.32763,4.66879,4.48817,74.36459
S16-2-1,72.99221,9.29049,6.2435,501.24243,7.43729,7.5548,119.49559
S16-2-2,77.48362,9.93638,6.37963,486.02725,7.72631,7.54002,127.26633
S16-2-3,23.47239,0,0,182.40535,0,0,43.79751
S16-20-1,41.06302,0,0,0,0,0,0
S16-20-2,27.00151,4.12247,3.08598,72.32569,3.5906,0,53.8415
S16-20-3,22.05375,0,0,52.55846,0,0,46.47937
S16-21-2,38.7026,0,4.37292,5.12525,4.99033,5.09928,91.31628
S16-21-3,13.03024,0,0,3.97374,0,0,51.28365
S16-3-1,11.16263,4.20351,0,169.72302,0,0,47.53724
S16-3-2,39.48882,10.49458,6.61687,291.47986,8.00927,7.71815,127.37171
S16-3-3,36.62492,6.49094,4.87397,166.39229,5.87887,5.5717,94.43638
S16-4-1,28.16131,5.4778,4.55995,114.72079,5.5843,5.32035,85.67184
S16-4-3,26.75088,4.24105,4.12813,90.38811,4.9934,4.66437,79.13364
S16-5-1,9.76098,47.3603,4.00751,276.35504,5.06811,7.28856,74.51218
S16-5-2,20.08359,99.48545,8.34482,594.03638,10.78157,14.80275,160.43428
S16-5-3,13.20086,49.62771,4.09538,287.39899,5.22813,7.22676,75.17226
S16-6-1,5.88652,29.46261,3.65152,138.38663,4.43428,4.86293,69.61347
S16-6-2,0,18.59832,4.45999,163.37683,5.38782,5.74072,81.08352
S16-6-3,0,0,0,6.15822,0,0,0
S16-7-1,25.06508,10.44227,6.26188,476.67233,7.67455,7.09083,118.98849
S16-7-2,16.89202,7.06992,4.37829,299.07947,5.33014,5.06009,83.43835
S16-7-3,23.01517,9.82064,5.62831,404.2197,6.84648,6.51729,103.14198
S16-9-1,21.50987,51.98694,6.26629,467.04892,7.93422,9.06339,111.20459
S16-9-2,10.90198,26.75499,3.40467,220.49338,4.24562,4.84393,62.48914
S16-9-3,12.09783,26.69875,3.22624,225.43668,4.12032,4.72336,60.53695
S6-10-3,20.80973,0,7.81262,0,8.62612,7.71997,99.29328
S6-16-2,63.10468,6.36994,8.63478,92.35284,9.87663,9.55904,106.01659
S6-2-3,49.6335,6.80124,6.9017,265.52979,7.89768,6.8978,100.87952
S6-21-2,47.24603,5.48232,8.50406,61.8298,9.48927,8.67696,107.55988
S6-5-3,21.09586,21.27955,8.04476,346.96725,10.18083,8.73816,95.03563
S6-6-2,31.24153,7.04134,7.9777,126.39639,9.53227,8.81427,100.94562
S6-7-1,41.62097,7.88321,8.0633,197.265,9.92071,8.18299,96.66045
S6-7-2,42.73314,8.74529,8.01944,223.60716,9.90966,8.76392,102.99856
S6-7-3,40.76227,7.75798,7.80751,194.39221,9.64633,8.01892,97.97503
S6-8-1,27.74608,13.01275,7.73648,211.98933,10.06779,7.75343,92.94082
S6-9-2,39.87822,17.10684,6.69404,131.41835,8.24267,6.69249,82.10995
S7-1-1,38.85093,50.80865,13.24187,108.73253,23.30464,9.52546,99.18834
S7-1-2,43.82957,58.59052,15.84151,133.15414,27.59868,11.46351,119.67529
S7-1-3,37.86348,50.12246,12.77258,107.78223,22.21116,8.60533,96.29636
S7-10--3,23.56193,0,8.66386,0,9.77087,9.14219,109.46442
S7-10-1,22.81477,0,8.65193,0,9.55075,9.50348,116.01101
S7-10-2,20.03675,0,7.22187,0,8.19781,7.90431,95.60619
S7-11-1,26.45154,0,8.92485,0,10.49585,10.5293,126.31924
S7-11-2,21.75409,0,7.39199,0,8.8008,9.17569,106.31487
S7-11-3,19.90816,0,7.18771,0,7.9624,7.32105,88.1173
S7-12-1,18.79495,0,6.45951,0,7.30029,7.08508,86.8047
S7-12-2,24.18817,0,7.9798,0,9.60542,9.57947,116.10023
S7-12-3,20.14816,0,6.26882,0,8.11026,7.80154,88.14792
S7-13-1,21.93129,0,7.85255,0,9.27966,7.96014,98.34429
S7-13-2,19.60526,0,6.69514,0,7.74337,7.40703,89.76656
S7-13-3,19.47007,0,7.19709,0,7.96842,7.2709,89.19726
S7-14-1,19.01755,0,6.85803,0,7.64898,7.15658,95.45657
S7-14-2,19.47603,0,7.09218,0,7.98682,7.60069,106.13312
S7-14-3,18.45492,0,6.80361,0,7.64625,7.15851,90.0076
S7-15-1,24.87699,0,9.45242,0,10.74435,9.86069,118.71748
S7-15-2,23.71215,0,8.56136,0,10.53837,9.7119,105.15541
S7-15-3,23.06726,0,8.16757,0,9.74816,9.78867,114.9499
S7-16-1,35.19187,9.08545,7.91062,72.63348,9.40142,8.96145,99.7485
S7-16-2,22.99726,4.62399,3.41942,40.49437,4.75834,3.95289,44.08082
S7-16-3,32.2559,8.19959,6.81246,76.52049,8.20092,8.63955,98.04329
S7-19-1,33.57019,17.02921,9.19152,0,10.78623,9.41698,115.91786
S7-19-2,35.93826,18.8034,9.51414,3.38843,11.19207,10.61183,123.81434
S7-19-3,28.63635,15.14718,7.3016,0,8.79688,8.13551,93.33337
S7-2-1,62.06362,22.13713,9.8709,171.56935,15.13119,9.86711,118.68882
S7-2-2,40.0194,13.62007,6.72195,152.64804,10.10914,7.97621,94.97698
S7-2-3,43.81613,14.24352,6.79902,155.00212,10.17093,8.22151,92.83002
S7-20-1,122.08902,0,38.79339,7.92581,46.08367,43.85015,108.90248
S7-20-2,52.9856,11.88672,7.66559,52.25207,9.58949,8.82082,103.4717
S7-20-3,48.0435,11.406,6.97704,34.395,8.62722,7.67272,95.80921
S7-21-1,40.00006,9.17603,8.22812,15.25555,10.0463,8.48697,111.46943
S7-21-2,36.36988,7.66189,8.30422,40.98629,9.52634,8.98731,99.04491
S7-21-3,30.77078,6.25999,7.86801,78.80441,9.63149,9.45871,116.10921
S7-3-1,39.39368,48.55584,7.34935,7.15219,10.18475,8.57964,112.62122
S7-3-2,36.37161,47.56421,6.95629,10.18603,9.78636,8.02603,109.3186
S7-3-3,35.36367,44.52715,6.91043,6.6934,9.35425,7.4143,118.00482
S7-4-1,45.541,30.29663,6.54176,28.53419,8.35412,7.06375,83.72721
S7-4-2,46.66373,28.28684,7.11275,32.66997,8.92788,7.51557,91.28865
S7-4-3,51.83927,33.85675,7.65884,25.31,9.71504,8.20545,109.37836
S7-5-1,38.94836,41.70759,12.04227,140.61752,22.19701,8.59844,95.12525
S7-5-2,42.5608,34.74379,11.00971,142.34705,20.73154,9.36621,105.58986
S7-5-3,38.38043,41.11383,11.70455,157.8354,21.77847,9.88405,103.00795
S7-6-1,30.53698,12.99796,9.48144,10.47904,11.70923,10.34214,113.81895
S7-6-2,30.49454,10.73709,8.47473,9.83028,10.7699,9.52209,106.53075
S7-6-3,25.96284,15.84012,7.03272,7.53395,9.12881,8.64446,95.9558
S7-7-1,43.706,13.55286,7.42815,132.49185,10.25134,7.53356,93.47805
S7-7-2,41.22876,12.46228,6.95327,141.11873,9.59035,6.96751,85.53503
S7-7-3,48.05225,16.39609,7.86901,154.12097,11.54096,9.28743,115.20166
S7-8-1,42.83137,22.22993,10.49463,91.06248,18.17113,9.02648,110.70599
S7-9--3,37.80666,23.55747,7.7135,98.14241,15.15929,6.90376,82.87936
S7-9-1,38.34006,24.4047,7.77512,92.72504,15.88174,8.10154,95.81209
S7-9-2,39.06161,24.69589,8.69374,104.37873,16.71452,7.26573,90.86956
S8-1-1,36.13128,228.31104,7.55559,183.58212,10.33432,17.46403,95.18265
S8-1-2,34.02621,223.21817,7.63781,175.57283,10.28243,17.44239,93.39119
S8-1-3,47.68099,297.98389,9.74299,235.24438,13.24643,22.32322,120.36107
S8-10-1,19.46837,0,6.9796,0,7.8898,7.4606,91.36433
S8-10-2,15.105,0,5.47397,0,6.3135,6.36376,78.66943
S8-10-3,14.76479,0,5.53268,0,6.21059,6.24386,74.63184
S8-11-1,29.80939,0,5.62787,0,6.56122,6.24791,78.56312
S8-11-2,35.51108,0,6.96906,0,7.82389,7.49498,88.81929
S8-11-3,28.63456,0,6.69865,0,7.65117,7.48462,88.74436
S8-12-1,18.91162,0,6.35881,0,7.38362,6.90118,89.43725
S8-12-2,18.23693,0,6.29557,3.72441,7.30787,7.73335,91.60631
S8-12-3,19.50991,0,6.62306,0,7.60632,7.41096,86.38466
S8-13-1,23.82014,0,7.10704,0,8.1595,8.07291,99.82567
S8-13-2,18.98737,0,5.52932,0,6.29918,6.33264,75.30394
S8-13-3,21.0058,0,6.13473,0,7.0677,7.12601,86.4038
S8-14-1,23.4703,0,8.54656,0,9.78204,9.18894,117.96117
S8-14-2,18.87789,0,7.12481,0,8.36462,7.80735,98.04179
S8-14-3,26.98527,0,10.17511,3.27113,11.61221,11.49258,135.28824
S8-15-1,26.79218,0,6.78711,0,7.88406,7.88851,94.44836
S8-15-2,26.87627,0,6.58048,0,7.54052,7.3641,90.97944
S8-15-3,16.58027,0,4.15171,0,4.68517,4.75504,55.67057
S8-16-1,59.8807,7.51057,5.67314,0,6.48498,6.35996,78.23444
S8-16-2,71.81465,8.9804,6.54827,3.84885,7.53824,7.15862,92.81508
S8-16-3,65.90982,8.81093,6.61345,3.45379,7.43338,7.01756,86.89378
S8-19-1,26.17126,13.81718,7.00438,0,8.12095,8.14492,93.66525
S8-19-2,24.61365,11.45556,6.05987,0,7.09923,6.86271,83.09132
S8-19-3,21.12316,9.23218,5.63351,0,6.31603,6.68136,73.67168
S8-2-1,14.83312,62.01362,0,86.59047,0,5.00194,29.54823
S8-2-2,35.93347,193.78564,7.27215,247.89284,9.27468,13.88735,93.18253
S8-2-3,40.05122,212.59331,7.21138,305.69849,9.3766,15.55212,95.69377
S8-20-1,52.70261,53.31161,6.39231,18.2545,7.47223,7.15639,83.0229
S8-20-2,41.13988,51.25161,5.65191,14.43717,6.59546,6.37614,73.18204
S8-20-3,75.45448,88.35641,10.80167,28.96947,12.34695,11.23819,133.97958
S8-21-1,50.89869,4.52484,7.22465,0,8.35826,7.9868,92.87825
S8-21-2,33.955,0,5.11913,0,5.87628,5.92962,70.42993
S8-21-3,73.77711,6.59031,9.94703,0,11.32933,10.76175,113.55502
S8-3-1,25.83333,139.05513,5.21162,9.61337,6.33184,6.61398,76.08298
S8-3-2,30.92448,154.77728,5.81314,21.57934,7.04058,7.46957,84.8923
S8-3-3,28.66873,139.65176,5.48499,8.93036,6.6627,6.86022,84.25408
S8-4-1,37.42913,156.34244,6.7985,58.46716,8.36895,9.28864,91.79612
S8-4-2,33.72403,140.38631,5.96375,51.05826,7.35516,8.05659,83.35279
S8-4-3,9.54778,45.85692,0,16.04565,0,0,27.8897
S8-5-1,32.86124,228.42891,7.67047,267.32578,10.0108,17.15761,93.82285
S8-5-2,40.95438,286.08005,9.80153,343.10388,12.2762,21.23158,112.93598
S8-5-3,29.31787,193.98241,6.58071,214.82562,8.50529,14.32553,82.14469
S8-6-1,15.01624,69.88736,4.66133,0,5.73296,5.65746,70.75838
S8-6-2,22.61171,99.35857,6.4791,0,8.05893,7.65887,95.13515
S8-6-3,25.27598,98.97053,6.71048,4.87667,8.05544,8.05359,90.53897
S8-7--2,55.57144,105.4803,7.83708,181.64989,9.87753,11.87325,109.33661
S8-7-1,47.52709,84.25735,7.00465,147.24037,8.71803,9.92122,89.51942
S8-7-3,49.1978,97.24506,7.11366,174.72076,9.1837,10.70909,106.05744
S8-8-1,50.35344,248.18752,10.34647,254.00642,13.92363,21.79673,126.98534
S8-9-1,48.73941,224.59425,7.97693,311.60992,10.27157,17.75764,102.61163
S8-9-2,41.85845,212.5134,7.74967,332.17093,10.04014,16.5711,98.76698
S8-9-3,34.98367,162.68864,5.74611,226.30751,7.22624,12.65227,69.35476
S9-1-1,35.2498,155.88188,7.57727,132.50592,14.51395,9.07976,81.72909
S9-1-2,36.66151,160.55592,8.3851,155.8075,16.29646,10.74236,94.28506
S9-1-3,40.41477,182.12894,8.98254,171.27534,17.54306,11.39799,111.07387
S9-10-1,10.65537,0,4.42107,0,5.09276,5.05384,62.39153
S9-10-2,9.02081,0,3.34564,0,3.94533,3.92004,49.52611
S9-10-3,19.8152,0,7.52979,0,8.50603,8.26688,121.72508
S9-11-1,14.70958,0,5.39209,0,6.11956,6.04422,64.54689
S9-11-2,9.42747,0,3.65326,0,4.20064,4.52481,49.54998
S9-11-3,9.43817,0,3.57966,0,4.18874,4.09458,49.41279
S9-12-1,12.75877,0,4.58319,0,5.25464,5.34281,60.4512
S9-12-2,9.6197,0,3.659,0,4.21325,4.20924,47.75561
S9-12-3,23.84266,0,8.07767,4.02796,9.42863,8.79005,115.2961
S9-13-1,22.30519,0,7.76215,2.97921,8.78907,8.59608,106.33366
S9-13-2,20.92798,4.22787,7.28958,0,8.42556,7.84306,101.50163
S9-13-3,11.98791,0,4.58615,0,5.2587,5.43393,62.21138
S9-14-1,10.75459,0,4.05517,0,4.69605,4.60157,54.99337
S9-14-2,9.86828,0,3.8327,0,4.4107,4.25828,51.46817
S9-14-3,7.54004,0,2.89606,0,3.44388,3.46113,41.31709
S9-15-1,14.07117,0,5.24234,0,5.96723,6.00149,69.5226
S9-15-2,12.38572,0,5.00022,0,5.74932,5.53643,61.39679
S9-15-3,12.81883,0,4.68219,0,5.36636,5.00644,62.45659
S9-16-1,24.46851,38.90415,6.19571,16.76839,7.38308,6.93316,84.11785
S9-16-2,28.99974,42.41382,6.95205,17.74926,8.52705,7.62673,105.65521
S9-16-3,29.05778,40.0546,7.35999,17.64198,9.33013,7.87365,101.83389
S9-19-1,19.26869,20.7681,4.33512,0,5.52331,5.09843,69.5381
S9-19-2,20.92946,25.40473,4.7517,0,6.10046,5.58827,72.94878
S9-19-3,31.9327,50.01221,6.60472,3.44639,8.55108,7.79504,118.38026
S9-2-1,67.14484,173.44247,7.30691,152.45982,9.92654,9.4531,113.33408
S9-2-2,39.71618,103.62908,4.05175,80.35543,5.70019,5.74742,60.88968
S9-2-3,57.93173,148.89644,6.98297,211.35648,9.17728,9.56314,105.11497
S9-20-1,38.56859,145.00826,6.24684,76.31595,7.70012,7.36669,96.37563
S9-20-2,28.71292,129.40695,4.92399,37.76105,6.26695,6.01804,67.76665
S9-20-3,42.41669,150.14757,6.60303,66.205,8.43505,8.37191,101.71755
S9-21-1,6.1205,3.9797,0,3.60892,0,0,57.19118
S9-21-2,23.62143,17.70622,6.7474,24.33746,8.16472,7.53372,93.83553
S9-21-3,19.62779,14.55956,6.23626,15.99155,7.24912,6.94668,86.83594
S9-3-1,45.55012,295.26303,6.12804,10.28642,9.32471,8.01091,111.32304
S9-3-2,31.46367,211.39517,4.33523,4.13069,6.49881,5.42863,76.96217
S9-3-3,26.17389,181.25294,3.85942,4.18733,5.81427,4.60954,63.69841
S9-4-1,21.30433,123.53243,3.07362,6.57507,4.6809,4.26283,53.81584
S9-4-2,47.21002,248.80887,6.02644,10.9483,8.95644,7.29159,105.58633
S9-4-3,21.5096,123.42612,2.968,7.76222,4.54206,3.9178,52.92912
S9-5-1,21.62272,90.01797,3.18122,62.93435,4.76325,4.42071,49.44399
S9-5-2,48.36416,204.61444,7.88415,121.88701,15.38013,9.21717,101.92864
S9-5-3,53.98506,235.44987,8.41989,165.3282,16.46976,10.65227,113.28766
S9-6-1,7.13936,35.69888,0,4.91662,0,0,35.61568
S9-6-2,13.5731,64.50226,4.35475,10.2029,5.32284,5.42689,61.88469
S9-6-3,17.06711,77.56011,5.1008,11.39526,6.30202,6.28492,71.68962
S9-7-1,19.31962,83.01022,3.43691,124.79326,4.84481,5.72606,52.50833
S9-7-2,25.2097,102.75973,4.27022,153.34048,5.81128,6.80968,62.09173
S9-7-3,22.23829,96.83858,4.11516,144.11765,5.60104,6.48604,55.55371
S9-8-1,14.016,59.20857,4.55203,89.18892,7.36225,4.96533,46.03638
S9-9-1,33.05435,138.05695,3.43992,60.8246,6.1466,4.05265,51.64622
S9-9-2,43.84289,173.76003,4.59001,74.72852,7.77635,5.25398,70.66177
S9-9-3,57.0723,224.79192,5.83204,97.52155,9.97265,6.63446,88.63265
STD1,113.311,158.89049,77.94777,167.63332,121.2924,152.70187,135.78073
STD1,126.0627,176.0882,84.3674,182.91786,131.0222,166.41333,146.85953
STD1,124.98761,172.10442,81.9669,176.78883,126.07309,159.24626,140.76047
STD1,144.8512,190.02525,90.96626,195.87163,140.8459,177.86768,156.22038
STD1,164.0889,193.5499,97.90896,193.24529,141.10756,175.44122,158.0022
STD1,156.92354,187.85696,95.59938,189.94771,139.05331,173.92509,157.22014
STD2,142.74278,164.7937,74.03538,146.14728,89.22078,91.68758,122.33152
STD2,97.74548,133.77278,63.77811,137.8515,98.31628,124.58719,110.12055
STD2,112.08109,157.10498,75.89449,163.44333,116.94562,148.56923,131.54913
STD2,152.03955,185.26889,93.51577,188.54698,139.32919,172.78065,158.14937
STD2,130.87154,158.63747,79.86606,161.22925,117.29219,146.89101,130.81406
STD2,150.37897,179.24028,89.33607,180.02718,130.6761,163.81235,145.82758
STD2,141.71121,177.84746,90.4773,181.0556,131.80637,164.24846,146.67491
STD3,129.09911,178.16533,69.84535,216.18004,129.0032,101.70343,115.91254
STD3,87.01592,124.21689,60.14041,129.69817,93.03513,117.93428,104.19176
STD3,63.91734,92.85687,44.66882,96.34047,68.61509,86.52122,76.68307
STD3,162.23923,196.36024,100.49264,199.92503,147.06227,183.11095,163.8336
STD3,141.54828,182.67928,92.07727,190.48804,139.20311,174.27632,155.51183
STD3,128.92317,157.06677,77.27355,160.74429,117.13224,147.45561,131.6404
STD3,35.44925,42.52876,20.10789,43.13853,30.82268,38.0033,34.39555
STD4,114.47831,154.0506,60.34697,186.89305,110.94761,87.86192,99.84133
STD4,70.34039,101.57439,49.1634,106.17192,76.01074,96.16381,85.07891
STD4,139.27905,200.16591,96.65588,210.05524,149.54726,189.40744,167.30501
STD4,149.25111,187.45743,96.44633,197.13,145.83778,181.36693,162.62903
STD4,158.72842,190.94164,95.47258,192.81342,140.22249,176.23172,156.41199
STD4,160.20979,196.95338,95.50247,203.69919,147.55498,184.85538,164.2347
STD4,128.58698,156.27356,76.54576,155.85002,112.74286,140.75056,125.9251